{
  "0700.HK": {
    "quantity": 100,
    "avg_price": 54.99540375371953,
    "total_cost": 5499.540375371953
  },
  "0005.HK": {
    "quantity": 100,
    "avg_price": 54.99540375371953,
    "total_cost": 5499.540375371953
  },
  "0941.HK": {
    "quantity": 100,
    "avg_price": 54.99540375371953,
    "total_cost": 5499.540375371953
  }
}